{
  "Tuskers Hill": [
    {
      "title": "The Gaja Hall",
      "img": "https://poppyshotels.com/assets/images/hotels/tuskers-hill-by-poppys-anaikatti/banquet/banquet-img1.jpg",
      "desc": "This is a vast area that could afford 200 people for theatre style indoor.",
      "value": ["Reserve", "Main Menu"]
    },
    {
      "title": "The Lawn",
      "img": "https://poppyshotels.com/assets/images/hotels/tuskers-hill-by-poppys-anaikatti/banquet/lawn-img1.jpg",
      "desc": "This is a vast area that could afford 800 people for theatre style outdoor.",
      "value": ["Reserve", "Main Menu"]
    }
  ]
}
