{
    "Tuskers Hill": [
      {
        "title": "Activity Room",
        "img": "https://poppyshotels.com/assets/images/hotels/tuskers-hill-by-poppys-anaikatti/facilities/activity-room.jpg",
        "desc": "This area includes both indoor and outdoor games. Table tennis, badminton, snake and ladder, chess, foosball, fighter balls, carrom, etc form the indoor game category and outdoor games.",
        "value": ["Main Menu"]
      },
      {
        "title": "Swimming Pool",
        "img": "https://poppyshotels.com/assets/images/hotels/tuskers-hill-by-poppys-anaikatti/facilities/swimming-pool.jpg",
        "desc": "Who wouldn’t love to take a dip in the pool that has slides and fountains and colours. This pool is every kids’ dream area.",
        "value": ["Main Menu"]
      },
      {
        "title": "Komban Store",
        "img": "https://poppyshotels.com/assets/images/hotels/tuskers-hill-by-poppys-anaikatti/facilities/komban-store.jpg",
        "desc": "We all miss the colourful childhood we had back in our days. To relive those days, the Komban store offers a number of old candies that may not be found anywhere else in the growing world.",
        "value": ["Main Menu"]
      }
    ]
}