{
  "pets-friendly": {
    "Tuskers Hill":"Yes we are pet friendly. Please checkout our pets policy page for more details. https://tuskershill.com/pet-policy"
  },
  "Are pets allowed inside the hotel premises?": {
    "Tuskers Hill":"Yes we are pet friendly. Please checkout our pets policy page for more details. https://tuskershill.com/pet-policy"
  },
  "unmarried-couple": {
    "Tuskers Hill":"As per group policy we donot allow unmarried couple."
  },
  "Do you let unmarried couples stay in the hotel?": {
    "Tuskers Hill":"As per group policy we donot allow unmarried couple."
  }, 
  "driver": {
    "Tuskers Hill":"We donot have drivers accommodatio, but we have restroom/batchroom facility. Also they can avail food at our cafeteria for Rs.150/day."
  },
   "Do you offer an external stay for drivers?": {
    "Tuskers Hill":"We donot have drivers accommodatio, but we have restroom/batchroom facility. Also they can avail food at our cafeteria for Rs.150/day."
  },
   "checkin, checkout": {
    "Tuskers Hill":"Check-in time 2:00pm & Check-out time 11:00am. Early check-in or late check-out subject to availability.    "
  },
   "What is the time of check-in?": {
    "Tuskers Hill":"Check-in time 2:00pm & Check-out time 11:00am. Early check-in or late check-out subject to availability.    "
  },
   "Is it possible for an early check-in time?": {
    "Tuskers Hill":"Check-in time 2:00pm & Check-out time 11:00am. Early check-in or late check-out subject to availability.    "
  },
   "What is the check-out time?": {
    "Tuskers Hill":"Check-in time 2:00pm & Check-out time 11:00am. Early check-in or late check-out subject to availability.    "
  },
   "Is it possible for a late check-out time?": {
    "Tuskers Hill":"Check-in time 2:00pm & Check-out time 11:00am. Early check-in or late check-out subject to availability.    "
  }, 
  "stay-extension": {
    "Tuskers Hill":"Stay extension subject to availability    "
  },
   "How long can the time be extended before check-out?": {
    "Tuskers Hill":"Stay extension subject to availability"
  },
   "Do you have a half-day extension policy for the rooms?   ": {
    "Tuskers Hill":"Stay extension subject to availability    "
  },
   "checkin-process": {
    "Tuskers Hill":"Valid Govt. issued ID proof is required for all the people at the time of check-in."
  },
   "What are the documents required at the time of check-in?": {
    "Tuskers Hill":"Valid Govt. issued ID proof is required for all the people at the time of check-in."
  },
   "To avoid contact during COVID, can check-in and check-out be possible in an online mode?": {
    "Tuskers Hill":"Valid Govt. issued ID proof is required for all the people at the time of check-in."
  }, 
  "Where do the keys be left in that case?": {
    "Tuskers Hill":"Valid Govt. issued ID proof is required for all the people at the time of check-in."
  },
   "baggage storage": {
    "Tuskers Hill":"Yes you can. Contact us at the reception and team will do the needful."
  },
   "Can you store luggage if you reach early?": {
    "Tuskers Hill":"Yes you can. Contact us at the reception and team will do the needful."
  }, 
  "extra-person": {
    "Tuskers Hill":"All our room categories can accommodate upto 3 person (2 person + 1 extra). Extra person charges applicable. Extra person tariff: INR 1499 + GST per person per night in Tuskers Cottage & Tuskers Club. INR 2499 + GST per person per night in Tuskers Pool Villa.    "
  }, 
  "Can extra guests stay in my room?": {
    "Tuskers Hill":"All our room categories can accommodate upto 3 person (2 person + 1 extra). Extra person charges applicable. Extra person tariff: INR 1499 + GST per person per night in Tuskers Cottage & Tuskers Club. INR 2499 + GST per person per night in Tuskers Pool Villa.    "
  }, 
  "How much will it cost for an extra guest?": {
    "Tuskers Hill":"All our room categories can accommodate upto 3 person (2 person + 1 extra). Extra person charges applicable. Extra person tariff: INR 1499 + GST per person per night in Tuskers Cottage & Tuskers Club. INR 2499 + GST per person per night in Tuskers Pool Villa."
  }, 
  "What are the charges on extra beds for room stay?": {
    "Tuskers Hill":"All our room categories can accommodate upto 3 person (2 person + 1 extra). Extra person charges applicable. Extra person tariff: INR 1499 + GST per person per night in Tuskers Cottage & Tuskers Club. INR 2499 + GST per person per night in Tuskers Pool Villa."
  }, 
  "courier": {
    "Tuskers Hill":"We do not place orders on behalf of guests, but we would collect at the reception if any courier arrives and you can get it by providing a valid ID proof and order details. Also we donot allow delivery person near guest residence."
  }, 
  "Will you allow delivery person to handover parcel at our rooms?": {
    "Tuskers Hill":"We do not place orders on behalf of guests, but we would collect at the reception if any courier arrives and you can get it by providing a valid ID proof and order details. Also we donot allow delivery person near guest residence."
  }, 
  "Can you order parcels or couriers to the room?": {
    "Tuskers Hill":"We do not place orders on behalf of guests, but we would collect at the reception if any courier arrives and you can get it by providing a valid ID proof and order details. Also we donot allow delivery person near guest residence."
  }, 
  "veg-food": {
    "Tuskers Hill":"Yes. We offer hygenically prepared vegetarian food. "
  }, 
  "Do you offer vegetarian food?": {
    "Tuskers Hill":"Yes. We offer hygenically prepared vegetarian food.  "
  }, 
  "Is the food prepared for vegetarians hygienic?": {
    "Tuskers Hill":"Yes. We offer hygenically prepared vegetarian food.    "
  },
  "jain-food": {
    "Tuskers Hill":"Yes. We can prepare jain food for you by intimating us prior to the check-in."
  },
  "Do you offer Jain food?": {
    "Tuskers Hill":"Yes. We can prepare jain food for you by intimating us prior to the check-in."
  },
  "outside-food": {
    "Tuskers Hill":"Yes. its allowed to bring outside food. Also Swiggy/Zomato is not available in this region."
  },
  "Is outside food allowed within the hotel?": {
    "Tuskers Hill":"Yes. its allowed to bring outside food. Also Swiggy/Zomato is not available in this region."
  },
  "Is it possible to order from Swiggy / Zomato from the hotel?": {
    "Tuskers Hill":"Yes. its allowed to bring outside food. Also Swiggy/Zomato is not available in this region.    "
  },
  "food-service": {
    "Tuskers Hill":"No. We do not have 24 hr food service and its available from 7.00am till 11.30pm."
  },
  "Is there a 24-hour food service in the hotel?": {
    "Tuskers Hill":"No. We do not have 24 hr food service and its available from 7.00am till 11.30pm.    "
  },
  "alcohol": {
    "Tuskers Hill":"We donot serve alcohol. Also our resort located in Liquor free zone. We donot recommened guests to bring alcochol from outside, but they can bring along at their sole discretion."
  },
  "Do you serve alcohol?": {
    "Tuskers Hill":"We donot serve alcohol. Also our resort located in Liquor free zone. We donot recommened guests to bring alcochol from outside, but they can bring along at their sole discretion."
  },
  "What is the age limit of availing alcohol from the hotel?": {
    "Tuskers Hill":"We donot serve alcohol. Also our resort located in Liquor free zone. We donot recommened guests to bring alcochol from outside, but they can bring along at their sole discretion."
  },
  "Are we allowed to bring alcohol from outside?": {
    "Tuskers Hill":"We donot serve alcohol. Also our resort located in Liquor free zone. We donot recommened guests to bring alcochol from outside, but they can bring along at their sole discretion."
  },
  "Do you require ID verification before procuring alcohol?": {
    "Tuskers Hill":"We donot serve alcohol. Also our resort located in Liquor free zone. We donot recommened guests to bring alcochol from outside, but they can bring along at their sole discretion."
  }, 
  "smoking": {
    "Tuskers Hill":"Smoking allowed wihthin the room only."
  }, 
  "Is smoking allowed within hotel premises?": {
    "Tuskers Hill":"Smoking allowed wihthin the room only."
  },
  "meal-plan": {
    "Tuskers Hill":"We do have various meal plans. You can choose at the time of booking. CP-Breakfast only, MAP-Breakfast+Lunch or Dinner & AP-Breakfast, Lunch & Dinner"
  },
  "Are there any meal packages available in the hotel?": {
    "Tuskers Hill":"We do have various meal plans. You can choose at the time of booking. CP-Breakfast only, MAP-Breakfast+Lunch or Dinner & AP-Breakfast, Lunch & Dinner"
  },
  "breakfast": {
    "Tuskers Hill":"No we don't serve breakfast in bed."
  },
  "Will you serve breakfast in bed?": {
    "Tuskers Hill":"No we don't serve breakfast in bed."
  },
  "babies": {
    "Tuskers Hill":"No we dont have cribs & beds for babies. But our resort is babies/infant friendly."
  },
  "Do you offer cribs & beds for babies?": {
    "Tuskers Hill":"No we dont have cribs & beds for babies. But our resort is babies/infant friendly."
  },
  "airport-pickup": {
    "Tuskers Hill":"Yes, we do airport-pickup on request. Prior booking is required, contact the resort before check-in."
  },
  "Are there any transportation facilities to the airport from the hotel?": {
    "Tuskers Hill":"Yes, we do airport-pickup on request. Prior booking is required, contact the resort before check-in."
  },
  "airport-to-hotel": {
    "Tuskers Hill":"Our resort located about 50kms from Coimbatore Airport. It will take abour 1hr 45mins to reach our resort. Please click this link for directions. https://goo.gl/maps/XAAPQGN8c8tdjnGm9"
  },
  "How long is the hotel from the airport?": {
    "Tuskers Hill":"Our resort located about 50kms from Coimbatore Airport. It will take abour 1hr 45mins to reach our resort. Please click this link for directions. https://goo.gl/maps/XAAPQGN8c8tdjnGm9"
  },
  "railwaystation-to-hotel": {
    "Tuskers Hill":"Our resort located about 42kms from Coimbatore Railway Station. It will take abour 1hr 25mins to reach our resort. Please click this link for directions. https://goo.gl/maps/hJf5t9F4g3k8iYvx9"
  },
  "How long is the hotel from the railway station?": {
    "Tuskers Hill":"Our resort located about 42kms from Coimbatore Railway Station. It will take abour 1hr 25mins to reach our resort. Please click this link for directions. https://goo.gl/maps/hJf5t9F4g3k8iYvx9"
  },
  "What is the direction of the hotel from the railway station?": {
    "Tuskers Hill":"Our resort located about 42kms from Coimbatore Railway Station. It will take abour 1hr 25mins to reach our resort. Please click this link for directions. https://goo.gl/maps/hJf5t9F4g3k8iYvx9"
  },
  "weather": {
    "Tuskers Hill":"Weather at our destination is always same almost all days in the year. There is no seasons but mostly misty and frequent drizzling. You can visit our destination any of the day in the year."
  },
  "How is the weather in the hotel premises during summer?": {
    "Tuskers Hill":"Weather at our destination is always same almost all days in the year. There is no seasons but mostly misty and frequent drizzling. You can visit our destination any of the day in the year."
  }, 
  "How is the weather in the hotel premises during winter?": {
    "Tuskers Hill":"Weather at our destination is always same almost all days in the year. There is no seasons but mostly misty and frequent drizzling. You can visit our destination any of the day in the year."
  }, 
  "What time of the year is best to visit the hotel?": {
    "Tuskers Hill":"Weather at our destination is always same almost all days in the year. There is no seasons but mostly misty and frequent drizzling. You can visit our destination any of the day in the year."
  }, 
  "Do you provide heaters in case the weather gets too cold?": {
    "Tuskers Hill":"Weather at our destination is always same almost all days in the year. There is no seasons but mostly misty and frequent drizzling. You can visit our destination any of the day in the year."
  }, 
  "spa": {
    "Tuskers Hill":"Spa is under construction and we will update you once its fully functional. And we don't have gym/fitness centre."
  }, 
  "Is there a spa within the hotel?": {
    "Tuskers Hill":"Spa is under construction and we will update you once its fully functional. And we don't have gym/fitness centre."
  },
  "Are there any fitness centers within the hotel?": {
    "Tuskers Hill":"Spa is under construction and we will update you once its fully functional. And we don't have gym/fitness centre."
  },
  "honeymoon": {
    "Tuskers Hill":"Yes, its part of honeymoon pacakge."
  },
  "Do you offer honeymoon decorations for newly married couples?": {
    "Tuskers Hill":"Yes, its part of honeymoon pacakge."
  },
  "candlelight-dinner": {
    "Tuskers Hill":"Yes, its chargable and prior booking is required. It's one of the inclusion in honeymoon package."
  },
  "Do you offer moonlight dinner?": {
    "Tuskers Hill":"Yes, its chargable and prior booking is required. It's one of the inclusion in honeymoon package."
  },
  "Do you offer candlelight dinner?": {
    "Tuskers Hill":"Yes, its chargable and prior booking is required. It's one of the inclusion in honeymoon package."
  },
  "cakes,celebration": {
    "Tuskers Hill":"Yes, it can be arranged on prior intimation and will be delivered at your room."
  },
  "Are cakes available for birthdays/anniversary celebrations?": {
    "Tuskers Hill":"Yes, it can be arranged on prior intimation and will be delivered at your room."
  },
  "covid": {
    "Tuskers Hill":"We have made all covid safety measures in our resort and there are information boards placed on covid safety guidelines. All our staffs are fully vaccinated and follow safety protocols as per guideline. No outside are allowed to meet the guests in the room and they can visit them till lobby or at the restaurant."
  },
  "Are proper precautions and safety procedures taken during COVID times?": {
    "Tuskers Hill":"We have made all covid safety measures in our resort and there are information boards placed on covid safety guidelines. All our staffs are fully vaccinated and follow safety protocols as per guideline. No outside are allowed to meet the guests in the room and they can visit them till lobby or at the restaurant."
  },
  "How are safety measures ensured at the time of buffets and complimentary breakfast hours?": {
    "Tuskers Hill":"We have made all covid safety measures in our resort and there are information boards placed on covid safety guidelines. All our staffs are fully vaccinated and follow safety protocols as per guideline. No outside are allowed to meet the guests in the room and they can visit them till lobby or at the restaurant."
  },
  "How do you ensure safety precautions for the staff members?": {
    "Tuskers Hill":"We have made all covid safety measures in our resort and there are information boards placed on covid safety guidelines. All our staffs are fully vaccinated and follow safety protocols as per guideline. No outside are allowed to meet the guests in the room and they can visit them till lobby or at the restaurant."
  },
  "Are outside guests allowed to visit rooms? During COVID and otherwise.": {
    "Tuskers Hill":"We have made all covid safety measures in our resort and there are information boards placed on covid safety guidelines. All our staffs are fully vaccinated and follow safety protocols as per guideline. No outside are allowed to meet the guests in the room and they can visit them till lobby or at the restaurant."
  },
  "gym,swimming-pool": {
    "Tuskers Hill":"Swimming pool is open for guests and we dont have gym/fitness centre."
  }, 
  "Are gyms, pools, etc open for business during this time?": {
    "Tuskers Hill":"Swimming pool is open for guests and we dont have gym/fitness centre."
  }, 
  "student, teenager": {
    "Tuskers Hill":"Kids below age 18 should be accompanied their parents/guardians while they booking a stay."
  }, 
  "Can you book rooms with a student discount?": {
    "Tuskers Hill":"Kids below age 18 should be accompanied their parents/guardians while they booking a stay."
  }, 
  "Can a person below the age of 18 stay without an adult or a guardian?": {
    "Tuskers Hill":"Kids below age 18 should be accompanied their parents/guardians while they booking a stay."
  }, 
  "stay,accommodation": {
    "Tuskers Hill":"All our categories can accommodate upto 3 persons. Eg: 2 person + 1 extra (extra person charges applicable). Tuskers Pool Villa can accommodate upto 4-5 members of a family (Eg: 2 adult + 3 kids age below 12)"
  }, 
  "How many people can stay in one room?": {
    "Tuskers Hill":"All our categories can accommodate upto 3 persons. Eg: 2 person + 1 extra (extra person charges applicable). Tuskers Pool Villa can accommodate upto 4-5 members of a family (Eg: 2 adult + 3 kids age below 12)"
  }, 
  "How many people can stay in each different types of rooms?": {
    "Tuskers Hill":"All our categories can accommodate upto 3 persons. Eg: 2 person + 1 extra (extra person charges applicable). Tuskers Pool Villa can accommodate upto 4-5 members of a family (Eg: 2 adult + 3 kids age below 12)"
  }, 
  "cancellation": {
    "Tuskers Hill":"One night retention charge will apply for no show or late cancellation. Cancellation of all guaranteed reservation should be done 72 hours prior to arrival to avoid one day retention charges."
  }, 
  "How is the cancellation policy in the hotel?": {
    "Tuskers Hill":"One night retention charge will apply for no show or late cancellation. Cancellation of all guaranteed reservation should be done 72 hours prior to arrival to avoid one day retention charges."
  }, 
  "Will I get back a full refund over cancellation?": {
    "Tuskers Hill":"One night retention charge will apply for no show or late cancellation. Cancellation of all guaranteed reservation should be done 72 hours prior to arrival to avoid one day retention charges."
  },
  "booking, cancellation": {
    "Tuskers Hill":"It will take about 2-4 hours get the confirmation for the booking or cancellation."
  }, 
  "How long does it take for a person to get the confirmation for booking or cancellation from the hotel?": {
    "Tuskers Hill":"It will take about 2-4 hours get the confirmation for the booking or cancellation."
  }, 
  "payment-method": {
    "Tuskers Hill":"Yes. We accept payments throughAll major debit & credit cards, UPI payment and NEFT."
  }, 
  "Do you accept credit cards or debit cards for payment within the hotel?": {
    "Tuskers Hill":"Yes. We accept payments throughAll major debit & credit cards, UPI payment and NEFT."
  }, 
  "Are all bank cards accepted in the hotel?": {
    "Tuskers Hill":"Yes. We accept payments throughAll major debit & credit cards, UPI payment and NEFT."
  },
  "meetings": {
    "Tuskers Hill":"Yes. We have banquet hall can accommodate upto 200 people and a lawn with the capacity of accommodating 600 people."
  }, 
  "Is it possible to hold small meetings within the hotel?": {
    "Tuskers Hill":"Yes. We have banquet hall can accommodate upto 200 people and a lawn with the capacity of accommodating 600 people."
  }, 
  "about-us"  : {
    "Tuskers Hill":"Please reach us at +91 95 1414 222 / 90 8745 2222"
  }, 
  "Who can I contact for getting details about the hotel?": {
    "Tuskers Hill":"Please reach us at +91 95 1414 222 / 90 8745 2222"
  }, 
  "hot-water": {
    "Tuskers Hill":"Yes. Its available with separate water heater for each room."
  }, 
  "Is there 24-hours hot water facilities in the room?": {
    "Tuskers Hill":"Yes. Its available with separate water heater for each room."
  }, 
  "laundry": {
    "Tuskers Hill":"Yes. Guests can avail laundry service."
  }, 
  "Do you have laundry facilities for guests?": {
    "Tuskers Hill":"Yes. Guests can avail laundry service."
  }, 
  "internet": {
    "Tuskers Hill":"We do have internet connection, its available only at the lobby and not in the rooms."
  }, 
  "Do you have a broadband internet connection?": {
    "Tuskers Hill":"We do have internet connection, its available only at the lobby and not in the rooms."
  }, 
  "activities": {
    "Tuskers Hill":"What are the extra activities available for kids in the hotel?"
  }, 
  "places-to-see": {
    "Tuskers Hill":"Windmill trekking one of the places to see which is nearby. There are other places which needs Jeep/car to reach there."
  }, 
  "What are the nearest landmark places?": {
    "Tuskers Hill":"Windmill trekking one of the places to see which is nearby. There are other places which needs Jeep/car to reach there."
  },
  "Are there places to walk nearby?": {
    "Tuskers Hill":"Windmill trekking one of the places to see which is nearby. There are other places which needs Jeep/car to reach there."
  },
  "refrigerator": {
    "Tuskers Hill":"All the room categories have mini refrigerator."
  },
  "Are there refrigerators and stoves in the hotel rooms?": {
    "Tuskers Hill":"All the room categories have mini refrigerator."
  },
  "locker": {
    "Tuskers Hill":"We donot have locker/safe in the rooms."
  },
  "Does the room have safe facilities?": {
    "Tuskers Hill":"We donot have locker/safe in the rooms."
  },
  "grooming-kit": {
    "Tuskers Hill":"Yes. Basic dental and shaving kits and hair dryer."
  },
  "Are there dryers and shaving facilities in the hotel rooms?": {
    "Tuskers Hill":"Yes. Basic dental and shaving kits and hair dryer."
  },
  "night-jeep-ride": {
    "Tuskers Hill":"We do offer night jeep ride exprience. It will be chargeble per jeep basis. About 4-5 people can travel in a jeep and it will cost INR 2500 per jeep."
  },
  "Do you offer nighttime safari’s?": {
    "Tuskers Hill":"We do offer night jeep ride exprience. It will be chargeble per jeep basis. About 4-5 people can travel in a jeep and it will cost INR 2500 per jeep."
  },
  "What is the cost of a safari?"  : {
    "Tuskers Hill":"We do offer night jeep ride exprience. It will be chargeble per jeep basis. About 4-5 people can travel in a jeep and it will cost INR 2500 per jeep."
  },
  "How many people can travel maximum?": {
    "Tuskers Hill":"We do offer night jeep ride exprience. It will be chargeble per jeep basis. About 4-5 people can travel in a jeep and it will cost INR 2500 per jeep."
  },
  "rent-vechicle": {
    "Tuskers Hill":"Yes you can. Prior booking is required."
  },
  "Can you rent vehicles from the hotel?": {
    "Tuskers Hill":"Yes you can. Prior booking is required."
  },
  "sight-seeing": {
    "Tuskers Hill":"Yes we do. You contact the reception or activity centre to know more details of the sightseeing places and how to reach there."
  },
  "Does the hotel offer sight-seeing tours?": {
    "Tuskers Hill":"Yes we do. You contact the reception or activity centre to know more details of the sightseeing places and how to reach there."
  },
  "local-shop": {
    "Tuskers Hill":"No local shop near to our resor, but there is small village about 5kms from the resort and there are shops."  
  },
  "booking": {
    "Tuskers Hill":"You can reserve rooms upto 6 months prior to your travel dates. There is no limit in booking the number of rooms and subject to the availability on the requesting dates. Advance payment required to get confirmation of booking. Changing room category is again subject to availability and there will be additional charges when upgrading."
  },
  "How early do you have to reserve rooms?": {
    "Tuskers Hill":"You can reserve rooms upto 6 months prior to your travel dates. There is no limit in booking the number of rooms and subject to the availability on the requesting dates. Advance payment required to get confirmation of booking. Changing room category is again subject to availability and there will be additional charges when upgrading."
  },
  "Is there any limit on the number of rooms one can book at a time?": {
    "Tuskers Hill":"You can reserve rooms upto 6 months prior to your travel dates. There is no limit in booking the number of rooms and subject to the availability on the requesting dates. Advance payment required to get confirmation of booking. Changing room category is again subject to availability and there will be additional charges when upgrading."
  },
  "Do you require any advance payment or deposit amount?": {
    "Tuskers Hill":"You can reserve rooms upto 6 months prior to your travel dates. There is no limit in booking the number of rooms and subject to the availability on the requesting dates. Advance payment required to get confirmation of booking. Changing room category is again subject to availability and there will be additional charges when upgrading."
  },
  "Can you change the room type after booking?": {
    "Tuskers Hill":"You can reserve rooms upto 6 months prior to your travel dates. There is no limit in booking the number of rooms and subject to the availability on the requesting dates. Advance payment required to get confirmation of booking. Changing room category is again subject to availability and there will be additional charges when upgrading."
  }
 
}


