{
  "Anaikatti": {
    "Tuskers Hill": {
      "info": "Welcome to Tuskers by tuskers, Built at the edge of the Silent Valley National Park bordering Tamil Nadu and Kerala with lush coconut and palm orchards punctuated with discreetly spaced exquisite rooms and chalets.",
      "imgpath": "http://tuskershotels.com/tuskers-hill-by-tuskers-anaikatti/assets/img/",
      "imgs": [
        "homepage/home-intro-img.jpg",
        "rooms/tuskers-club-4.jpg",
        "rooms/tuskers-cottage-3.jpg",
        "images/the-restaurant.jpg"
      ],
      "PropertyCode": ""
    }
  }
}
