{
  "Tuskers Hill": [
    {
      "title": "Tuskers Cottage",
      "desc": "An oasis of peace amidst an exuberant cover of greenery.",
      "img": "https://poppyshotels.com/assets/images/hotels/tuskers-hill-by-poppys-anaikatti/rooms/th-room-cottage-1.jpg",
      "value": ["Booking Enquiry", "Back to Menu"],
      "hotel_code":1294,
      "room_code":5619,
      "cp_rate_plan_code":11277,
      "map_rate_plan_code":11637,
      "ap_rate_plan_code":11638,
      "inventory":15
    },
    {
      "title": "Tuskers Club",
      "desc": "Comfortable rooms overlooking the lush gardens with a panoramic views",
      "img": "https://poppyshotels.com/assets/images/hotels/tuskers-hill-by-poppys-anaikatti/rooms/th-room-club-1.jpg",
      "value": ["Booking Enquiry", "Back to Menu"],
      "hotel_code":1294,
      "room_code":3933,
      "cp_rate_plan_code":8572,
      "map_rate_plan_code":11639,
      "ap_rate_plan_code":11640,
      "inventory":20
    },
    {
      "title": "Tuskers Pool Villa",
      "desc": "The dream room for tranquil seekers and family holidaymakers who want to second into their personal space.",
      "img": "https://poppyshotels.com/assets/images/hotels/tuskers-hill-by-poppys-anaikatti/rooms/th-room-pool-villa-1.jpg",
      "value": ["Booking Enquiry", "Back to Menu"],
      "hotel_code":1294,
      "room_code":3934,
      "cp_rate_plan_code":8574,
      "map_rate_plan_code":11641,
      "ap_rate_plan_code":11642,
      "inventory":2
    }
  ]
}
