{
  "Tuskers Hill": [
    {
      "title": "Skin Care",
      "img": "http://www.champaayurveda.com/wp-content/uploads/2019/02/abhyangam-1024x658.jpg",
      "desc": "Ayurveda treatment for skin conditions",
      "value": []
    },
    {
      "title": "Weight Management",
      "img": "http://www.champaayurveda.com/wp-content/uploads/2019/02/dhanyamla-dhara.jpg",
      "desc": "Weight reducing and Weight gaining programme",
      "value": []
    },
    {
      "title": "Rheumatic Care",
      "img": "http://www.champaayurveda.com/wp-content/uploads/2019/02/pizhichil.jpg",
      "desc": "Natural treatment for rheumatoid arthritis and other similar disorders",
      "value": []
    },
    {
      "title": "Manasanthi",
      "img": "http://www.champaayurveda.com/wp-content/uploads/2019/02/nasyam-1024x658.jpg",
      "desc": "Mental stress, Migraine and Strain Relaxation",
      "value": []
    },
    {
      "title": "Panchakarma",
      "img": "http://www.champaayurveda.com/wp-content/uploads/2019/02/kizhi-1024x658.jpg",
      "desc": "Rejuvenation and Body detoxification",
      "value": []
    },
    {
      "title": "Anti-Aging and Beauty Care",
      "img": "http://www.champaayurveda.com/wp-content/uploads/2019/02/herbal-facial.jpg",
      "desc": "Youth beauty and wellness",
      "value": []
    }
  ]
}
